Username,Identifier,One-time password,Recovery code,First name,Last name,Department,Location
robby,2323,acdk65,xi39fl,John,Germ,R&D,Blackpool
booker12,9012,12se74,rb9012,Rachel,Booker,Sales,Manchester
grey07,2070,04ap67,lg2070,Laura,Grey,Depot,London
johnson81,4081,30no86,cj4081,Craig,Johnson,Depot,London
jenkins46,9346,14ju73,mj9346,Mary,Jenkins,Engineering,Manchester
smith79,5079,09ja61,js5079,Jamie,Smith,Engineering,Manchester
smith80,3333,09ja65,xqfj79,Jamie,German,Engineering,Blackpool
bobby,3133,09xj65,xjfjfl,John,Gale,R&D,Blackpool
jenkins99999,1216,1jflxx,000346,VanDame,Jenkins,Engineering,Manchester
jenkins99322,1216,1jflxx,000346,Clyde,Jenkins,Finance,Manchester
jenkins9993424,1216,1jflxx,000346,Bob,Jenkins,Engineering,Manchester
jenkins12344,1216,1jflxx,000346,Bobby,Jenkins,Finance,Manchester
jenkins9da33,1216,1jflxx,000346,Herald,Jenkins,Engineering,Manchester
